Student_ID,Name,Monthly_Avg_Score,Attendance_Percentage,Homework_Completed,Annual_Exam_Score,Target_Score
STU5838,Grace Wolfe,73.48,84.31,80,77.11,80.30408562023783
STU7082,Lisa Leonard,63.58,84.38,80,68.42,73.09765762198526
STU7746,Alexander Kim,65.93,82.37,90,75.83,78.16960869969343
STU5466,Bailey Mcgee,52.93,88.02,97,61.73,65.89717897426472
STU9011,Charlotte Perez,71.0,84.83,94,75.17,76.4930147674348
STU8632,Mary Pennington,65.8,89.74,90,67.62,72.08705387410537
STU9796,Kendra Harvey,76.64,92.9,77,81.59,79.22032828750856
STU8964,John Dennis,71.46,75.2,79,70.74,72.84436024089912
STU2059,Thomas Webb,68.77,91.0,79,72.89,77.44401497812864
STU7491,Mackenzie Rivera,62.94,77.08,87,76.12,74.92841707047833
STU7354,Jordan Garcia,70.67,87.1,82,74.75,75.74765791838914
STU7321,Melissa Decker,65.26,88.06,93,74.04,77.02275220743796
STU2876,Shannon Tyler,74.89,85.87,95,71.97,80.2735746503013
STU7059,Lisa Johnson,68.76,82.95,93,76.4,80.14720593135132
STU8106,William Marks,73.21,76.58,72,74.87,73.0517915510739
STU6157,James Jackson,72.53,92.69,100,74.83,80.77974068093943
STU2007,Kevin Davis,60.33,83.6,76,74.76,69.5522552213845
STU9073,Larry Heath,64.53,87.12,76,73.84,72.41538545880904
STU3405,Jacob Nguyen,64.34,82.49,71,60.95,69.23519257233947
STU2861,Eric Villa,69.26,80.22,81,77.02,75.69488016488907
STU4666,Emily Moore,67.83,88.37,70,73.5,71.51772011248255
STU4552,Maria Foster,63.91,82.47,96,63.31,69.77831899616312
STU7868,Maurice Hernandez,67.6,80.99,84,68.65,71.14591546849098
STU9782,Nathan Li,55.36,91.32,99,63.24,66.32631209605213
STU7618,Jenny Jones,62.49,80.04,86,64.83,69.0018806558671
STU3985,David Simon,78.66,77.87,99,80.48,78.83485441872972
STU1716,Jim Underwood DDS,78.0,88.76,96,83.79,82.74021020753865
STU2576,Meredith Lewis,72.49,84.89,91,72.06,76.82550060728437
STU7718,Michael Scott,66.55,89.62,75,72.86,75.07823195346988
STU7211,Justin Robinson,62.32,81.59,95,61.31,69.22628125417768
STU6297,William Farmer,62.56,87.37,70,67.5,65.05655060187102
STU1639,Kim Johnson,73.37,89.63,94,75.64,80.59354884624535
STU7279,Gregory Potter,77.31,87.63,94,73.17,79.83136364187737
STU5385,Patricia Griffith,77.0,85.76,92,74.43,76.71319737510787
STU2266,Charles Barr,73.65,86.48,93,80.55,80.11479659789585
STU4248,Alexander Middleton,74.57,90.51,99,79.31,79.42744604281614
STU5610,Jeffrey Davis,77.35,91.63,78,73.52,78.87743152155805
STU8535,Christina Webb,79.4,-10.0,72,82.14,83.79880043548748
STU7507,Timothy Shaw,68.28,81.23,92,74.11,72.2869716766916
STU7317,Benjamin Johnson,69.92,87.07,77,77.18,77.6742376487068
STU4847,John Nelson,89.14,85.47,70,89.36,84.85478460702065
STU1377,Ruben Hebert,62.5,87.41,97,61.31,70.03101687417943
STU1427,Daniel Giles,72.29,87.53,74,73.49,77.41045423416438
STU5519,George Green,66.83,88.89,90,68.92,72.66347513173912
STU4785,Shannon Banks,53.77,83.66,79,59.98,65.21634919955461
STU5517,Karen Hernandez,63.81,85.77,84,72.26,73.28199610621202
STU5100,Paula Eaton,76.11,90.33,80,79.72,84.16354276813777
STU1995,James Williams,65.33,76.54,87,70.68,79.31763345641568
STU8374,Yolanda Castro,74.0,90.68,83,77.49,79.8081092354835
STU4994,Anthony Silva,61.93,77.5,71,71.95,68.106336977783
STU6486,Brandi Jackson,63.61,82.72,99,71.8,70.61167436719322
STU4061,Shannon Bishop,66.7,90.44,97,75.97,76.70032859120933
STU6885,Derek Miller,78.47,84.24,89,86.76,82.10176782278232
STU8937,Lori Luna,69.25,82.57,88,69.29,73.57318336716831
STU1342,Aaron Cunningham,73.53,89.33,90,70.57,76.61621589946405
STU2870,Rachel Galvan,71.29,87.89,98,77.13,82.62654511836124
STU2792,Jordan Jefferson,60.71,94.22,81,61.36,70.12691883517978
STU3706,Sandra Stewart,67.62,80.92,97,73.67,76.88700075205017
STU8627,Logan Anderson,63.51,84.7,85,65.58,72.8160874974547
STU7794,Cynthia Hamilton,,,95,,90.44124577614362
STU6691,Robin Weaver,69.1,82.67,95,73.06,77.30259603330646
STU6892,Katie Sutton,83.53,87.07,85,84.83,83.6411205250367
STU7843,David Grant,70.49,83.07,96,76.73,79.80622709701954
STU1803,Jennifer Maxwell,62.76,86.02,98,71.36,74.08794199989089
STU2155,Heather Simpson,73.08,84.46,79,72.13,73.87718515388092
STU1211,Luis Adams,66.18,78.66,98,71.74,72.5608765012461
STU6531,Alice Garcia,68.54,82.53,95,68.09,76.39244031259425
STU6888,Daniel Robinson,69.8,76.42,95,76.79,78.99554347786307
STU1682,Melissa Wallace,72.53,87.91,90,76.02,79.5644480020582
STU7150,Joseph Barron,81.75,75.63,72,80.08,79.20003439082414
STU5402,Randy Perez,78.94,82.04,93,81.38,83.96379065408082
STU8754,Lindsay Guerra,75.35,79.44,92,75.79,78.51155397574882
STU5053,Jerry Johns,70.09,89.65,85,67.35,72.84772283822963
STU7116,Brady Shields,72.74,84.38,100,77.02,80.48329143312499
STU9763,Gabriel Wheeler,64.27,95.46,72,72.66,78.50515697799122
STU1239,Donald Hudson,67.6,86.25,90,68.91,74.01083772196526
STU3622,Margaret Rice,,,92,,72.7080538226576
STU8032,Annette Peterson,70.63,85.41,75,73.53,74.0250219231633
STU9855,William Blevins,66.7,86.16,74,71.16,69.96049277652129
STU5464,Marcus Lee,72.03,84.06,82,71.57,77.99271066441348
STU7039,Jamie Smith,55.74,92.85,95,60.48,64.99563896273304
STU6690,John Reyes,65.98,77.54,99,71.73,71.95227023785769
STU8192,Joan Moore,73.64,92.66,99,75.88,75.84475114873634
STU1521,John Hunt,70.4,80.78,90,73.68,77.55156260231128
STU6374,Caitlin Weiss,73.32,85.27,87,73.99,76.19887538626713
STU7677,Kimberly Martinez,63.72,92.63,92,78.2,75.78100437470533
STU7091,Richard Mack,64.12,82.0,95,63.59,69.48294810234756
STU4057,Mary Smith,64.41,78.31,73,59.01,66.88493180962497
STU9466,Crystal Cooper,74.0,89.85,98,77.49,82.08961170282095
STU9389,Victoria Jensen,75.46,85.76,79,81.56,79.07040281077234
STU7133,Tara Dalton,58.01,91.77,91,65.72,73.22372120136527
STU8515,Christopher Kirby,71.53,82.58,74,78.95,77.20881484630314
STU5052,Katherine Lee,67.81,77.0,83,66.85,68.95897838577632
STU1384,Kathleen Baker,72.33,83.71,77,67.8,76.04372605161103
STU5730,Diana Martinez,72.33,81.26,71,78.19,75.84905067149377
STU2667,Kimberly Elliott,76.56,82.15,81,81.67,80.24317780923971
STU8162,David Oneill,,,84,,71.77514582425921
STU1275,Tara Bailey,78.05,87.63,76,83.03,77.98480928298575
STU3246,William Rodriguez,61.72,74.8,100,68.29,73.90048321423612
STU7860,David Day,76.06,84.48,99,83.12,83.1716977785311
STU5454,Jessica Lopez,69.9,88.98,97,68.42,78.3191761105259
STU9329,Wayne Schaefer,,,80,,73.5518418142017
STU5774,Richard Hughes,66.4,79.7,72,68.47,72.49367655483364
STU4733,Kelly Freeman,70.53,86.76,88,70.64,74.44522668681735
STU5826,Audrey Fletcher,59.96,84.04,71,61.97,64.94709547582985
STU5564,John Weber,65.62,83.63,84,66.46,71.78351652825826
STU1769,Sarah Zuniga,69.21,83.9,70,71.49,71.47486309138887
STU1672,Michael Bauer,70.17,86.58,93,83.59,79.80887857834134
STU6758,Dr. Juan Waters,65.61,74.04,82,69.7,68.79886190854448
STU3923,David Stout,73.3,88.26,97,76.66,77.92696030407213
STU1663,Meredith Randall,58.75,86.02,94,61.92,69.99201935017837
STU2134,Patrick Bailey,78.33,86.12,91,77.28,80.08427713249824
STU5761,Joshua Gonzalez,71.53,89.55,73,78.85,75.22739568070475
STU8102,Denise Preston,88.01,81.88,91,93.79,90.1849494911513
STU4956,James Garza PhD,62.74,84.05,78,69.24,70.22365234955119
STU9308,Nicholas Anderson,60.09,87.98,96,66.58,71.78588591996683
STU9576,Nicole Morse,67.47,83.81,75,69.03,67.48061984039873
STU6454,Anna Anderson,75.58,85.73,84,75.13,79.80532281290884
STU5779,Mario Grant,73.51,80.11,94,77.36,81.7919175356313
STU7655,Tonya Mays,78.69,84.57,74,76.55,76.64547134863383
STU3520,Lori Willis,71.96,71.3,86,80.68,76.8143612012266
STU8624,Devon Mack,68.51,85.69,99,73.01,74.14696760244057
STU2067,Audrey White,65.44,85.24,87,77.84,72.00452162645963
STU1582,Douglas Roth,60.2,86.15,77,62.07,69.24413655352069
STU5190,Christina Cruz,77.74,88.86,80,88.64,82.79731549986761
STU8625,Matthew Weaver,68.51,85.8,74,72.27,72.62370557138144
STU8623,Mark Stevens,70.61,84.22,91,76.13,78.6946699972215
STU8730,Rachel Wells,73.61,87.38,74,77.2,79.7298410806257
STU1190,Samuel Ellison,54.54,86.8,82,67.35,69.87321774532991
STU1746,Bonnie Garner,82.41,83.01,88,85.86,88.71185372965053
STU1010,George Johnson,83.99,77.1,86,82.54,83.95091057278063
STU9274,Alicia Foster,76.25,85.48,88,69.19,79.66349078934167
STU6293,Jose Bowen,78.5,80.6,79,80.12,78.7066295739422
STU5778,Samuel Espinoza,74.43,96.35,76,80.09,82.97229835186411
STU6966,Stephanie Williams,66.52,86.94,73,75.25,75.11210921157638
STU1950,Jacob Butler,67.57,89.15,75,61.49,71.85081564692969
STU8002,Justin Rice,,,84,,84.40609866550496
STU5955,Meghan Wilson,75.3,80.39,71,75.49,75.6837561707736
STU6905,Tiffany Palmer,81.94,87.59,96,79.68,82.65928871499952
STU1794,Jacob Barnes,,,77,,72.64439504513922
STU2079,Bruce Boyd,75.33,86.06,77,86.36,81.76379964310085
STU4377,Timothy Johnson,70.77,88.63,73,77.6,78.29863390847086
STU5347,Matthew Newman,65.59,84.08,88,70.42,73.42053619979202
STU8319,Jason Johnson,69.37,88.91,83,70.18,73.93223700481624
STU3623,Steven Freeman,72.93,83.05,70,73.87,77.1797514091922
STU2145,Alexandra Cervantes,58.15,92.65,78,60.4,69.14456244010358
STU5631,Stephanie White,73.33,91.59,72,78.43,73.99239508065466
STU9265,Christine Jones,68.39,88.14,87,75.59,76.64445162339753
STU9412,Linda Mcdonald,66.9,85.41,96,70.67,74.28518308336074
STU4053,David Quinn,51.12,84.73,93,62.83,64.73240080164463
STU3550,Steven Davis,63.65,81.4,87,63.69,70.58229282134577
STU8733,Abigail Norris,64.41,84.18,98,67.43,70.95702775394865
STU4175,Benjamin Taylor,63.9,76.94,88,68.41,70.20919960976853
STU5579,Joseph Austin,65.98,82.27,82,73.56,72.70450450542984
STU4312,Carl Davis,58.44,88.5,88,69.96,66.12393703469834
STU5684,Valerie Wilson,55.45,78.8,75,58.31,63.55242964200392
STU3471,John Olson,66.03,83.89,72,62.78,67.50493289293308
STU2199,Stephanie Velez,62.23,93.76,92,67.33,75.34543278559113
STU1607,James Henderson,58.64,86.7,92,65.18,69.61811516631823
STU9344,Adam Smith,73.5,79.73,84,78.62,78.83671007976825
STU6087,Luke Boone,70.09,85.31,83,71.46,77.223079468267
STU6210,Stacey Dyer,62.43,88.08,100,66.34,72.17208591183008
STU4440,Rachel Francis,79.54,88.85,90,74.84,84.33301852721654
STU3250,Christopher Meadows,61.31,80.92,71,62.92,66.57036450033297
STU8240,Tasha Rubio,66.67,90.08,99,76.04,77.14266215334904
STU9132,Jill Scott,67.51,86.29,99,76.43,77.47622753057504
STU7307,Christopher Riggs,67.65,91.73,88,78.9,78.61394124461609
STU3355,Lori Montes,64.44,93.1,78,69.35,72.87926004161127
STU8054,Janet Brown,70.13,86.74,82,77.39,79.48209559030134
STU5584,John Evans,70.84,91.56,79,67.21,75.63490496405589
STU9273,Caroline Dodson,84.04,88.59,95,83.34,86.42865545751184
STU6017,Jose Jensen,67.03,81.77,100,72.83,77.27034447129915
STU5348,Alexander Allen,81.66,90.07,76,86.68,85.0470587141394
STU5079,Jeffrey Kennedy,79.83,82.52,83,79.02,80.79815836525889
STU2184,Jerry Elliott,,,90,,72.68301218118732
STU7711,Thomas Moreno,71.61,87.16,77,69.91,79.93026653664414
STU6249,Holly Parker,73.45,85.92,74,67.74,73.75467702337191
STU8559,Julia Larson,61.38,85.73,89,66.55,69.50189171748887
STU4204,Harold Hamilton,58.17,89.94,95,56.55,66.93847638228986
STU6533,Ryan Cooper,62.68,76.1,98,65.04,73.34585439408349
STU8823,Tracey Murphy,74.95,82.19,74,79.53,76.7180963696952
STU7412,Tiffany Clements,71.52,94.73,81,79.05,79.98547699155104
STU8491,Riley Ryan,75.72,88.09,92,81.93,84.73104394299301
STU5549,Christine Hardy,79.48,90.14,78,82.12,82.80538867694375
STU5445,Kathy Stewart,71.9,78.62,95,71.95,74.8481981257895
STU6436,Virginia Ward,64.27,88.08,77,72.44,73.00167943753729
STU4941,Joshua Harrison,66.74,89.43,79,75.63,78.21147669540437
STU8079,Morgan Gray,76.32,74.94,82,77.64,76.11510870327278
STU9604,Stephen Murphy,78.79,80.53,81,84.52,81.99962533669388
STU8389,Austin Holland,84.3,87.43,82,87.85,86.5026107516695
STU4118,Emily Clay,60.55,87.93,92,67.46,71.5505544902883
STU2648,Joshua Reilly,74.49,84.14,96,75.53,81.75249594035203
STU6702,Rebecca Collins,86.09,83.19,93,83.78,82.3499720932502
STU3179,Barbara Houston,68.14,81.68,89,68.09,74.50180349943787
STU2304,Anthony Wright,67.9,80.98,99,74.13,77.29290642882086
STU6676,Kathryn Long,58.86,88.18,90,64.77,70.37584043458988
STU3394,Stephen Ortiz,80.85,80.01,81,83.04,78.39931748282105
STU6414,Alison Dodson,75.82,86.04,71,81.03,82.44760956019124
STU1881,Tracy Cooke,,,71,,66.0324606232138
STU6822,Emma Mitchell,73.61,90.97,92,82.86,81.01610786486967
STU9540,Samuel Patterson,64.17,87.36,72,64.45,68.28240427642815
STU2986,Gregory Moses,86.5,89.69,83,85.94,88.84376796463604
STU7526,Catherine Lam,59.54,81.42,98,66.72,70.94497483826517
STU7484,Heather Bowman,74.61,95.05,96,74.93,79.24230992731549
STU6686,Kelly Rowe,70.32,81.85,74,74.62,72.37605508140948
STU8264,Michael Maddox,45.63,80.65,98,54.98,62.87038909897525
STU6350,Danny Robertson,73.81,95.08,82,79.09,80.01423860119286
STU6877,Jeffrey Miller,74.13,90.54,70,74.3,76.52353579900446
STU3282,Sharon Webster,61.82,81.29,90,70.62,74.67406740055768
STU5906,Carrie Porter,65.46,87.4,80,68.94,73.63115665705445
STU5176,Edwin Santana,,,76,,72.42556056653012
STU9145,Mary Graves,70.2,91.39,76,75.51,73.09228470818967
STU6634,Ricardo Jackson,68.02,80.59,93,70.89,74.41529737288232
STU8764,Amy Hess,78.3,83.82,97,83.16,83.34951457231581
STU4636,Jessica Lara,66.87,85.97,96,73.66,74.77376715912537
STU3098,Drew Estrada,68.36,94.23,91,71.29,77.08063430091022
STU4778,Wayne Miller,72.57,82.37,76,78.44,76.01366051916295
STU7334,Stephen Johnson,69.21,78.88,73,64.76,65.56662317099406
STU3942,Tony Cooper,73.08,82.49,98,79.85,78.83407444044249
STU3746,Dustin Kent,64.94,88.66,80,67.92,69.936808077229
STU5275,Todd Miller,69.2,88.17,96,66.39,73.55568244152883
STU9675,Bethany Ewing,78.14,80.35,71,72.64,78.83273638622082
STU1504,Jimmy Nunez,69.42,90.59,77,70.62,73.86947891855665
STU6045,Kenneth Weber,81.39,72.59,76,76.19,77.91666924491699
STU6224,Amanda Barnes,78.74,87.46,94,75.44,82.06827907858685
STU1895,Nicole Martinez,59.59,86.58,97,66.54,69.8007343404835
STU4461,Jonathon Warner,75.88,81.74,80,84.73,79.79233219200097
STU5678,Robert Watson,72.3,84.64,75,77.9,74.81027228662084
STU5063,Nicole Thomas,72.6,87.39,77,78.28,79.6806211614526
STU5226,John Gonzalez,67.74,85.24,91,77.83,78.85060541286447
STU8943,Matthew Murphy,68.45,85.13,97,73.23,74.75507560046117
STU1414,David Murphy,66.7,90.38,76,70.78,71.66864369824347
STU3986,Angela Gates,76.92,88.12,71,77.86,78.34900888456579
STU1798,Dorothy Romero,71.47,89.4,78,74.16,75.35831423903213
STU1037,Jamie Arnold,74.89,86.97,87,82.37,82.25235092123171
STU4805,William Morgan,,,80,,78.29342510506405
STU9560,Benjamin Weeks,68.61,91.59,72,77.99,75.90820217825107
STU3018,Emily Adkins,82.13,90.38,94,82.86,86.06834208242962
STU7590,Kenneth Arellano,73.66,82.13,92,78.36,74.83842425482939
STU2549,Mark Dominguez,64.1,84.93,88,66.56,71.93937616409185
STU3099,Kyle Miller,77.64,84.45,100,85.08,83.29083453087391
STU1233,Lawrence Henry,79.69,88.79,99,83.43,86.84403552817119
STU8806,Samantha Patterson,81.79,82.71,73,74.47,77.38570173210579
STU5401,Jonathan Calderon,75.6,85.9,81,74.48,73.23885615210216
STU7236,Emily Kramer,66.57,88.11,95,73.55,76.6870322279462
STU1540,Xavier Hooper,66.15,81.64,83,58.94,69.1662667413305
STU7716,Wendy Booker,69.25,81.32,91,72.0,76.92590241133861
STU2108,Kevin Cox,54.36,86.18,71,60.28,63.03162193370338
STU2842,Kyle Lewis,63.88,76.87,72,60.81,68.5377575137143
STU7119,Jason Sims,66.73,86.73,82,67.19,70.89683739400074
STU2292,Anna Davis,68.95,89.98,85,64.27,73.62986772642319
STU8324,Sherry Petty,68.19,91.17,89,74.92,77.45082693510363
STU9641,Matthew Johnson,64.81,78.48,97,68.11,76.06939220449966
STU6015,Wendy Bennett,72.67,87.15,97,77.25,81.78215692387924
STU5128,Drew Thompson,66.38,85.22,83,70.12,71.74585704432614
STU6033,Jason Williams,69.08,79.83,90,79.11,78.37656499225284
STU9088,Sophia Frazier,66.63,72.72,96,73.84,74.00353391429138
STU9426,Blake Chen,76.99,70.52,87,79.05,73.24059132176124
STU1978,Jennifer Wilson,64.87,87.53,90,70.76,72.67492380335348
STU1351,James Reilly,77.51,84.18,91,82.75,79.5896580715811
STU8783,Krystal Park,69.64,85.98,99,83.82,80.6918547223045
STU3661,Jacqueline Brooks,71.41,90.25,81,75.04,76.88813541556033
STU6655,Kelsey Phillips,71.26,88.76,100,71.53,80.99207336543215
STU4140,Jeffrey Crane,64.6,86.48,97,71.4,72.37288827427737
STU3813,Angela Briggs,75.62,83.01,94,79.48,81.12957426412984
STU8330,Robert Bailey,81.3,87.27,73,85.96,84.68159373167963
STU7139,Lisa Schmidt,69.22,88.84,71,74.25,76.35287874264176
STU1497,Kathryn Wise,79.03,83.69,93,84.81,80.7123958931266
STU2368,Mary Jones,77.76,77.69,95,85.86,80.6127288273076
STU7586,Christopher Williamson,63.06,74.23,86,57.87,69.30879524702188
STU2287,William Brown,70.29,83.84,77,76.68,78.97569527617193
STU9013,Cody Santiago,54.26,81.59,95,54.54,64.23766507904826
STU3660,Jerry Ryan,53.08,82.33,92,62.28,67.75142036792549
STU7870,Tracy Cunningham,75.31,86.41,94,73.54,81.84103125402294
STU2999,Shawn Stanley,69.32,77.95,88,71.92,71.92442203376639
STU6270,Katie Campbell,63.91,80.08,96,68.96,73.65814021755745
STU3331,Amanda Mcdonald,64.2,85.82,99,65.88,74.47214605702239
STU1341,Zachary Williams,,,80,,70.54735415216113
STU4382,Joshua Anderson,76.64,81.69,98,84.87,82.51700212465765
STU2560,Michael Smith,65.95,85.32,79,70.18,77.10913795405845
STU9941,Jessica Morgan,,,84,,83.29007582212476
STU8470,Morgan Graves,61.29,81.54,74,68.87,67.43823372944742
STU9714,Elizabeth Morris,73.05,89.46,94,77.74,78.5043402150732
STU3376,Melvin Davis,85.56,78.81,84,86.74,83.74575491384603
STU1431,Robert Huynh,87.28,75.54,91,86.65,84.78803959438243
STU3462,Linda Fuller,76.75,96.05,79,81.84,79.91169794448942
STU2832,Patrick Lee,74.67,77.25,87,70.42,71.10535786848693
STU5298,Caitlin Stout,76.83,90.52,76,82.29,80.357983039368
STU2514,Stephanie Chavez,58.46,90.23,76,60.39,68.97818970031734
STU7831,Jo Flynn,77.91,93.58,78,75.09,78.64482769097886
STU4832,David Trevino,65.89,84.01,86,71.69,75.48769872824514
STU7399,Lauren Roberts,71.37,81.99,77,74.32,76.75778119868451
STU2817,Dominique Hodges,56.04,86.87,72,54.72,60.68211764106889
STU6834,Julie Lee,69.91,85.57,89,73.77,74.94104372026925
STU3997,Daniel Newman,63.07,88.15,85,61.54,66.0974077674197
STU1786,Sheila Scott,53.65,82.5,92,56.0,63.44573268683016
STU6354,Christopher Martin,78.49,85.71,90,79.42,80.6180186084933
STU6778,Diana Murray,72.98,86.68,90,78.06,80.36313807319003
STU2856,Benjamin Holt,62.51,80.55,71,59.01,63.359500625178796
STU3090,Miranda Hernandez,,,72,,66.31744542262572
STU3663,Manuel Espinoza,72.72,97.46,72,76.58,81.75216139296934
STU1489,Catherine Johnson,56.04,91.09,81,60.29,69.36731226120227
STU2291,Reginald Espinoza,73.98,88.0,89,74.7,80.49941188595848
STU2772,Todd Adams,74.99,85.6,71,75.55,78.54332338112418
STU1693,Zachary Petersen,79.73,87.79,98,83.51,84.26107457152938
STU7376,Scott Schultz,73.57,89.99,71,76.99,77.90247313095918
STU9331,Edward Sullivan,57.38,81.77,83,60.89,67.31431125501527
STU8125,Miguel Morton,70.34,83.85,92,73.01,79.1244327132266
STU7443,Dawn Montgomery,71.04,83.31,78,68.04,72.6204683175836
STU4818,Mary Robinson,64.61,82.2,85,68.47,70.0606477881631
STU5287,Elaine Munoz,59.26,89.56,89,69.07,72.57856173557043
STU5264,Michael Jordan,76.14,88.37,100,74.28,79.87087732431027
STU7923,Michelle Reid,,,83,,65.10862833579931
STU9897,Kevin Koch,68.37,79.77,75,73.63,71.5610955193824
STU5488,David Ross,70.76,79.41,70,75.29,73.01199921031655
STU6066,Megan Taylor,61.64,87.56,74,65.41,70.5385492051676
STU2228,Lisa Oneill,70.84,80.13,100,67.71,74.50847899365306
STU3853,William Bridges,67.27,87.77,87,62.08,70.63743012472816
STU3551,Jeffrey Harris,63.88,73.62,90,68.63,68.63945263261394
STU6287,Samantha Schneider,,,87,,76.30969133356665
STU2084,Mrs. Katie Conner MD,75.19,86.5,77,77.97,78.09301726112228
STU8790,Hannah Hall,77.08,84.35,74,77.85,81.93785462038394
STU2279,Alex Brown,68.4,85.45,94,75.83,79.42503934664077
STU8297,George Alexander,69.14,85.47,86,67.07,71.42406725243467
STU5566,Richard Robertson,78.4,81.72,76,76.05,80.39068354450532
STU2254,Anthony Stuart,78.71,73.98,91,76.34,79.92290788807728
STU3410,Phillip Sandoval,74.25,91.56,71,72.21,74.91120615359316
STU5158,Brian Pierce,76.74,84.74,79,75.19,79.87670872062921
STU3110,Stacey Taylor,,,90,,78.50922229332406
STU1951,Jeremy Armstrong,62.48,86.82,79,68.8,70.79314202397717
STU5871,Jill Costa,65.84,78.59,96,61.47,71.82452494711939
STU9683,James Evans,66.42,81.2,89,69.27,72.07741946479078
STU9264,Daniel Ibarra,72.15,89.08,72,68.98,76.68285365489713
STU6984,Matthew Stokes,67.55,87.75,84,74.57,74.06423766885106
STU8042,Elizabeth Mendoza,78.5,84.3,77,73.75,78.31437426471267
STU3353,Steven Marks,68.97,83.18,91,74.19,74.53917193351329
STU9944,Benjamin Matthews,66.3,87.93,88,68.94,71.83995531959475
STU1528,Yesenia Farrell,80.35,82.52,70,71.93,76.95807277947183
STU6383,Emily Wells,82.68,88.12,76,86.56,84.86747105125461
STU9359,Kristin Perkins,61.65,83.84,95,66.37,69.3723367954024
STU2497,Mary Adams,65.94,87.94,79,72.48,75.10206854114966
STU5005,Catherine Golden,80.81,89.73,85,83.23,86.7694037260084
STU8780,Amanda Orozco,59.85,79.47,88,64.2,70.55553747529045
STU3927,Lori Adams,62.5,85.03,84,73.81,72.315507298749
STU8448,John Lynch,71.57,89.66,74,72.05,74.77691610132737
STU8034,Paul Orozco,59.89,76.69,76,72.04,68.52152031542668
STU2896,Susan Harmon,,,92,,76.12500490872125
STU9320,Rachel Ibarra,87.59,83.31,88,90.31,86.62266745986045
STU1365,Jenny Campbell,64.27,84.98,91,73.29,75.94019727895704
STU7472,Abigail Flores,70.57,91.53,82,72.08,74.6623019888127
STU7017,Ashley Myers,64.1,84.32,89,71.7,75.05820018878191
STU8189,Andrew Blackwell,63.85,82.3,75,71.69,72.56208627871744
STU7209,Michelle Edwards,68.41,80.2,83,74.45,76.09460644589639
STU1197,Noah Aguilar,72.49,85.24,72,71.61,76.22766167135934
STU2627,Andrew Hancock,56.73,85.85,90,60.63,64.64388098793128
STU8568,Nicole Ford,60.2,70.97,90,59.58,59.37175610768384
STU5209,Michelle Clark,69.81,93.86,70,71.14,73.1052145639954
STU6757,Christian Jennings,69.62,89.06,90,69.7,73.79137138667747
STU9594,Leah Young,72.49,83.89,93,75.41,78.33274759360107
STU3842,Peter Evans,78.12,83.8,75,78.29,77.51032352868876
STU2888,Raymond Banks,53.03,89.42,76,58.36,63.996658416572025
STU7332,Michael Hart,72.46,93.45,93,79.42,81.34105082963465
STU1110,Matthew Patterson,69.23,81.98,83,75.06,72.69001311463683
STU3508,Kaitlyn Collins,72.05,78.22,88,75.49,75.82132931714035
STU2491,Ashley Henry,64.24,84.18,91,72.98,79.28854603831635
STU8394,Kevin Turner,67.93,85.76,91,80.72,80.16088271629933
STU2736,Aaron Hill,73.86,82.82,79,77.02,79.08039867921997
STU8262,Roy Branch,53.46,79.95,98,57.19,66.52368744753491
STU5589,Dr. Jason Valdez,67.88,86.12,96,69.93,74.940735780516
STU6644,Kelly Valentine,65.6,88.01,76,69.4,74.58441129041745
STU6292,Stephanie Wong,,,84,,79.82056961382615
STU4534,Donald Brown,,,95,,77.4654598945994
STU8876,Michael Jones,63.79,85.57,72,67.12,71.8944314936369
STU5716,Tyler Jones,63.19,84.97,89,59.13,66.63025130578225
STU4512,Kristin Willis,69.11,80.61,80,71.8,70.56478681069618
STU2983,David Steele,76.43,81.66,73,72.84,73.63016387044007
STU8661,Carrie Martin,62.01,87.68,83,61.8,69.40369785498653
STU9920,Angel Cole,76.88,88.28,76,71.67,79.84367582623594
STU4934,Dana Andrews,87.81,85.91,92,84.22,87.43899138388102
STU4904,Jonathan Welch,84.44,79.66,91,81.18,85.28342342583969
STU2245,Matthew Edwards,69.94,86.52,90,78.2,81.01554491594752
STU6415,Elizabeth Kirk,61.68,83.72,96,64.9,71.2007959169417
STU3538,Joseph Archer,66.33,78.71,72,69.49,69.88969429989878
STU2854,Christopher Brown,71.18,91.59,88,76.01,80.09810805443874
STU9082,Hannah Phillips,62.23,80.8,91,64.97,71.76642034429757
STU4653,Christina Avila,73.82,80.8,93,77.41,77.47268905405703
STU4306,Theresa Johnson,76.0,84.16,88,84.48,81.15433367388808
STU8369,Andrew Casey,78.52,92.61,91,84.36,85.86668230290621
STU8401,John Sanchez,66.66,88.33,70,70.65,71.14516183565608
STU4987,Bradley Turner,78.36,79.39,97,76.64,80.83720785240924
STU6389,Jessica Wagner,76.07,83.11,84,73.57,76.04214896839363
STU2362,Linda Baker,73.6,85.9,81,78.3,77.25538686005417
STU3527,Lisa Fuller,76.01,86.73,96,75.22,80.17863017982512
STU8847,Mr. Jeffrey Henderson,58.07,73.62,73,57.31,61.79732292422724
STU5248,Briana Taylor,79.15,83.11,96,79.09,81.42672331586995
STU6084,Gloria Washington,72.32,85.95,92,77.21,77.33451190382793
STU7755,Michelle Campbell,75.9,87.48,82,81.23,79.63856714583433
STU6126,Alexandra Malone,74.62,83.07,83,74.78,76.63796785737998
STU9619,Jimmy Lucas,69.16,83.91,78,71.44,73.18533198198668
STU3358,Denise Carter,75.6,76.92,72,78.35,74.69421505940288
STU8728,Nicole Hall,65.41,85.74,97,72.32,76.85271319347541
STU1610,Ethan Bird,76.32,86.07,100,81.9,87.09627419354051
STU3476,Jason Archer,66.47,88.98,81,70.45,76.13949333815202
STU9259,Mary Frost,63.51,86.19,98,67.17,72.83129718092101
STU5188,Rebecca Thomas,66.37,86.21,91,76.72,75.72013633476942
STU9829,Frank Stewart,76.2,86.15,98,85.1,82.94217825990428
STU2943,Christina Hanson,79.81,90.55,97,81.62,82.62339691421174
STU2937,Howard Williams,85.2,84.12,71,82.84,79.2369680969997
STU2331,Kimberly Shields,76.35,83.92,87,76.41,74.53430131797305
STU4131,Gregory Flowers,68.46,74.66,77,59.86,64.643788078362
STU9755,Joshua Zamora,87.39,81.49,98,86.62,85.4966347817205
STU6101,Michele Orr,,,99,,79.47908214101025
STU8355,Tracy Fuller,75.81,82.09,86,73.91,77.95583084007451
STU5825,Jennifer Weaver,70.72,74.19,78,71.54,71.24991295202916
STU7825,Pamela Jackson,80.36,81.45,77,81.21,81.55899149460141
STU8339,Sarah Arroyo,58.93,89.48,82,67.04,71.02445213929352
STU6578,Paul Jones,67.36,87.88,73,66.65,67.36133840452982
STU1781,Evelyn Downs,63.78,83.47,97,72.75,74.4074957629821
STU1685,Sean Knapp,58.28,80.52,78,63.15,67.2878033904443
STU1391,Matthew Morris,62.37,92.05,80,67.32,76.89512120290858
STU1765,Brandi Gonzalez,67.89,83.41,75,70.39,71.09151066726767
STU1511,Russell West,58.12,81.77,70,60.93,63.48466934999512
STU3834,Matthew Peters,68.78,77.57,93,75.96,76.32750382852814
STU9699,Isaac Miller,65.48,93.88,72,69.29,71.53357266163161
STU5700,Melissa Mcneil,71.84,90.26,81,76.71,79.11986574819745
STU3903,Julie Garrett,57.26,81.53,85,62.15,65.9107897181416
STU2948,James Bradford,79.78,100.44,97,79.14,84.97915786641755
STU2681,Jennifer Sutton,67.84,88.9,89,72.98,71.7361365450723
STU3171,Andrew Bond,78.92,82.51,80,83.82,79.09233855413811
STU5360,Jeremy Watts,58.6,91.36,89,70.97,76.5925631349187
STU7339,Jennifer Love,70.2,87.09,82,71.32,74.92944853596502
STU4966,Lisa Barnes,69.38,83.15,79,65.29,69.86542399449645
STU5663,Madeline Ray,69.72,79.11,79,71.21,73.50340078512522
STU8078,Steven Hughes,71.68,89.52,97,72.55,78.2733850416208
STU8144,Tammy Thomas,62.47,86.65,86,60.96,66.87790677464922
STU4497,Carl Fisher,61.64,85.71,86,61.41,69.0579849778671
STU9860,Matthew Phelps,74.6,82.55,72,70.88,72.87878757099747
STU9180,Sabrina Dominguez,61.17,80.67,81,65.79,71.19131124335368
STU5447,Derrick Mcclain,72.05,79.08,98,83.65,78.27420797644969
STU6221,Brooke Henderson,,,86,,65.04907720836373
STU7633,Lisa Cook,77.46,81.83,88,77.16,76.73009440605145
STU9118,Steven Durham,69.79,82.16,73,78.01,78.58575360498745
STU4815,Nathan Villarreal,65.84,74.51,91,70.45,70.91952313094096
STU9095,Omar Ramirez,71.88,83.28,89,72.64,76.06545504806923
STU8201,Lauren Maxwell,63.63,85.14,89,69.34,74.56172546852125
STU7852,Cassandra Nicholson,59.86,80.79,70,55.71,67.48079790362318
STU7085,Barbara Randolph,75.19,85.94,88,81.77,81.37150098496163
STU3360,Michelle Ferguson,69.62,86.43,88,79.21,81.56522283908714
STU9575,Jacob Haas,69.25,91.95,100,79.26,79.96122185101676
STU6215,Kathryn Reid,69.05,90.02,82,75.99,78.54696151326209
STU6865,Joseph Baldwin,70.55,90.4,99,79.72,81.55497499125889
STU8640,Vincent Miller,78.5,80.66,99,78.62,82.73719485333804
STU6793,Russell Chapman,180.0,88.58,74,77.01,78.80293736013908
STU3718,Jessica Thornton,72.44,88.36,100,76.68,78.10076043398843
STU8459,David Stanley,68.86,81.28,99,81.55,80.36728393040475
STU1586,Kayla Arnold,82.08,88.36,82,82.82,84.80281286784074
STU1958,Scott Johnson,66.76,83.9,92,69.1,74.78716109792842
STU7042,Valerie Powers,61.84,84.64,95,61.0,67.89638300753448
STU1527,Jennifer Young,64.62,80.3,77,64.27,67.9285401888846
STU3619,Melissa Stewart,78.05,86.4,86,80.0,81.24434537163236
STU9825,Kendra Valdez,58.43,91.02,94,62.44,71.07463877667209
STU6500,Phillip Stein,74.75,87.03,79,83.6,83.20494017602914
STU5580,Cathy Garcia,71.47,82.54,83,67.47,73.00214268166886
STU4905,Roberto Joseph,62.41,79.92,99,63.2,69.97717942266134
STU2693,Mr. Chris Townsend DDS,64.83,89.45,92,72.23,76.68482886605457
STU1282,Stephanie Elliott,65.4,77.31,94,69.45,72.04109838753585
STU5515,Amy Brown,67.7,85.78,87,63.15,70.79624477470662
STU9674,Christian Obrien,71.29,79.74,71,76.22,73.34960116911626
STU4749,Julia Lambert,68.88,89.72,86,75.09,76.59619675072717
STU7661,David Kaiser,64.76,86.71,92,59.92,69.9096135439679
STU9995,Kelly Meadows,79.96,89.63,79,79.17,80.3042761636736
STU5670,Sheri Cisneros,68.82,86.0,93,68.73,76.75911578354763
STU5933,Mrs. Yvette Cole DDS,71.42,83.58,81,63.9,72.11806584281337
STU7910,Douglas Fields,69.49,90.56,85,70.94,73.3203616901398
STU3383,Julia Pittman,66.44,84.26,78,70.26,69.8460860788529
STU2090,Alexis Stout,81.35,81.89,78,79.59,84.7154052546464
STU6460,Jacob Robinson,68.09,86.83,82,74.05,74.9848941172815
STU1124,Madison Lee,72.61,82.06,75,69.03,76.7701613611468
STU1198,Tammy Hines,63.7,88.19,73,71.08,73.14426479479913
STU4768,Kerri Maddox,71.61,92.4,84,68.83,73.76594181964373
STU3159,Richard Nelson,68.47,71.81,84,73.0,71.72598301721766
STU3895,Caitlin Clarke,76.4,80.26,94,78.63,80.80564715767888
STU9230,Edward Arias,61.73,90.57,97,64.68,70.62084362123628
STU1533,Maria Woods,64.66,85.68,84,67.74,72.25950879160602
STU1118,Justin Spencer,76.87,81.29,95,81.64,78.7818972505782
STU9888,Jeffery Ryan,82.4,94.19,90,85.0,86.5285670900876
STU3944,Adrian Baker,71.21,86.22,94,71.26,75.17716282709954
STU7632,Thomas Wallace,72.18,85.75,71,80.11,77.33788392094324
STU5804,Kevin Flynn,65.13,84.79,95,78.59,77.62842692117606
STU2303,Jordan Dixon,75.88,94.91,91,74.25,79.39438042426296
STU8789,Jacob Buchanan,67.37,83.41,95,69.9,75.9575431547318
STU6630,Mrs. Carolyn Johnson DVM,76.32,85.3,100,74.91,81.68968304304963
STU1612,David Brown,74.47,83.82,93,78.46,83.078633015468
STU9469,Ryan Porter,71.16,83.08,95,71.4,80.1918584415799
STU9871,Benjamin Goodman,58.75,85.92,98,68.01,71.71877661426568
STU8463,David Thompson,71.97,92.84,83,72.91,77.41102297542655
STU1359,Destiny Cooper,68.59,78.84,81,72.07,74.47645612371271
STU3926,Elizabeth Zimmerman,53.37,87.99,81,53.2,63.92221297961692
STU8666,Pamela Booker,84.17,78.18,92,81.06,85.30130224583338
STU1680,Brittney Wilson,,,85,,71.11633924611826
STU8551,Jimmy Reyes,63.27,89.15,70,72.47,71.8985608836616
STU4096,Stephanie Goodman,72.14,90.27,74,69.14,76.11243223989776
STU6847,Cody Williams,76.18,82.74,77,74.48,78.49916495377799
STU3990,Sydney Richardson,66.1,77.72,81,65.57,70.40531276533656
STU3654,Jim Petty,64.69,77.17,96,69.04,73.0706297094098
STU6957,Angela Neal,49.69,95.0,72,62.13,64.1362873574314
STU8377,Jason Jimenez,56.93,90.04,87,55.89,69.41633386776061
STU6196,Ms. Lauren Snyder MD,200.0,88.73,70,68.23,70.77802840049948
STU8010,James Richardson,59.22,94.92,88,58.37,67.41598772409951
STU6481,Jacqueline Munoz,68.73,85.87,76,70.41,75.31479222164928
STU3769,Garrett Miller,69.11,92.56,84,67.27,75.07045134834733
STU9811,Kara Young,63.98,79.85,85,66.2,70.92071314870434
STU1232,Samantha Estes,70.08,88.55,72,69.51,76.19220091978525
STU2803,Brenda Erickson,,,86,,75.65097746152138
STU3592,Juan Turner,66.47,84.59,99,78.21,82.32555400740492
STU4861,Tom Nguyen,65.45,85.67,75,65.5,68.42050626308405
STU4730,Sharon Maldonado,62.79,81.25,88,71.59,70.26960849180358
STU6814,Rebekah Chen,62.41,94.07,82,60.63,68.7233753181065
STU8035,William Garner,78.36,80.09,96,77.83,79.532549300763
STU1883,Joshua Powell,60.36,82.68,91,71.5,68.34758602953723
STU2224,Kathleen Horne,65.81,86.14,100,71.8,71.89399289990575
STU2470,Taylor Osborne,,,91,,76.04544019115136
STU7300,Kristen Waller,77.36,80.01,90,84.72,82.35483940306126
STU7725,Ian Turner,64.07,87.69,86,72.95,76.08616840422916
STU7137,Brittany Henderson,75.71,84.63,92,77.41,79.58291194361959
STU7241,Brian Schwartz,74.49,79.43,90,78.3,79.92146795651524
STU2479,Kyle Hodges,73.2,93.37,92,69.58,78.8353799618231
STU9833,Steven Koch,,,73,,75.0899264279248
STU8506,Debra James,59.37,83.21,96,72.95,72.57654215929195
STU4025,Samuel Smith,86.03,94.64,90,94.56,91.2134663833857
STU5874,Holly Davis,68.33,86.35,99,64.59,75.8868678006446
STU5414,John Buchanan,66.65,80.69,92,74.46,73.60320204028879
STU8592,Lauren Lambert,64.53,85.01,83,72.87,77.2607153632375
STU6842,Scott Jordan,70.49,81.8,99,69.56,74.40782507263606
STU7410,Patty Reese,74.73,84.31,74,73.1,79.07206089292092
STU6378,Daniel Jackson,66.25,76.46,88,67.4,71.29342789409118
STU7935,Sabrina Herman,66.48,78.75,70,73.61,74.07413202311105
STU9986,Jose Ward,61.7,87.6,88,68.82,74.67489719355595
STU5706,Theresa Baker,69.81,83.66,79,71.19,72.1339172449231
STU4104,Amanda Wolf,76.23,90.18,78,78.19,76.99495628705166
STU7577,Anna Daniel,71.22,81.49,71,65.23,70.89858717888745
STU7298,Timothy Lewis,76.64,78.57,91,79.41,77.2977965657935
STU9940,Mark Reed,69.18,81.38,89,79.08,79.75009103956387
STU6246,Jeffrey Rowe,60.9,89.15,71,61.12,70.5478795523701
STU7698,Donald Wright,58.41,95.68,85,67.91,76.89775437882048
STU3948,Marilyn Garcia,85.09,80.11,96,87.89,86.84568154039532
STU7001,Allison Mccoy,72.73,78.37,71,71.11,72.83601325765125
STU1936,Allison Sharp,60.32,92.7,76,63.82,66.34364851983057
STU3468,Cody Hernandez,69.23,87.49,82,78.03,78.63429671442098
STU5044,Jessica Johnston,,,79,,75.89655011222109
STU8782,Kristen Smith,71.58,83.15,100,76.98,79.22118966857899
STU7295,Jerry Ramirez,70.38,91.73,96,75.14,78.70450510055525
STU6051,Joseph Smith,80.98,91.45,79,78.0,83.13247866385558
STU4926,Amy Brooks,77.42,87.56,84,75.95,78.20961171048256
STU2967,Daryl Williams,63.59,80.84,77,62.76,64.33462182836828
STU4139,Justin Jones,73.22,78.25,85,76.53,77.46882221383514
STU5314,Jennifer Mcgee,60.2,86.03,79,57.95,66.64332808801129
STU7244,Allison Garza,67.24,92.35,98,77.12,83.52520079401195
STU5175,Nicole Flores,64.5,78.09,91,66.83,73.40902367011725
STU7912,Sarah Best,72.31,89.47,75,67.83,70.37265561025986
STU6958,Michelle Allen,73.77,85.92,97,77.32,74.3614715005177
STU2478,Steven Robinson,73.26,91.71,82,76.08,74.97220874107963
STU1208,Guy Fisher,69.9,81.55,73,68.65,70.30030657460331
STU5080,Joel Ryan,75.16,84.21,90,79.72,77.97202746891519
STU3142,Shelby Matthews,70.95,85.82,89,79.68,78.30717330126325
STU5067,Jennifer Heath,83.09,75.07,94,77.97,78.13947948984962
STU8183,Kevin Bonilla,73.37,87.74,92,79.13,78.9929893853763
STU3065,Janet Kelley,73.98,91.16,86,79.73,80.65034544200485
STU3058,Renee Fuller,77.45,74.3,72,77.83,72.09598073921752
STU4146,Kristen Gonzalez,71.99,86.09,81,75.98,78.32112796726567
STU2939,Christina Wagner,84.4,79.35,98,75.96,79.66224386379557
STU7726,Ralph Gonzalez,64.63,92.39,85,69.89,77.54926728354515
STU8122,Deanna Caldwell,68.03,87.12,79,75.51,79.23281328481973
STU8768,Tiffany Collier,68.22,83.31,80,65.39,70.29506120257591
STU3701,Mary Watson,77.15,95.44,84,81.81,83.8574633610582
STU7429,Bryan Mcmillan,64.07,93.6,79,68.52,70.43257376295622
STU8642,Tyler Baker,77.11,83.79,71,77.0,81.6589560605362
STU6641,Mark Lam,69.29,88.62,93,69.61,76.94061763888499
STU9345,Jeffrey Stevenson,76.01,83.83,76,78.94,81.26628531775002
STU2733,Lori Welch,72.93,89.32,72,82.59,81.41355150803034
STU3473,Melissa Wheeler,62.33,89.19,94,71.84,76.3428066331332
STU6238,Lisa Foster,68.43,93.13,91,72.94,79.65076302432713
STU7511,Devin Reed,77.68,81.87,83,83.95,81.3309190549984
STU7195,Benjamin Ingram,67.09,72.35,80,68.17,68.41663884649029
STU4558,Arthur Harvey,,,94,,78.51055891452832
STU3632,Kimberly Brown,72.52,85.17,87,80.04,78.147991066947
STU2324,Krystal Hartman,56.86,88.1,88,63.71,68.05412229848461
STU9193,Manuel Gonzalez,80.82,89.06,73,87.91,83.60187107892935
STU1779,Michael Martin,79.03,89.84,96,86.25,84.6053205001179
STU3522,Amy Ramos,67.27,90.26,100,75.24,79.26830020300868
STU1997,Brandon Cummings,64.86,85.41,77,73.87,68.91906653775956
STU2990,Brittney Wood,54.84,86.52,95,64.7,66.80818888690759
STU3223,Heather Torres,81.05,79.49,100,83.97,84.58092119483769
STU3815,Tara West,71.38,86.56,72,78.84,76.37278706143672
STU2635,Mark Middleton,70.96,90.81,99,75.38,76.84728651674675
STU2511,Amy Garza,63.09,89.67,77,62.11,70.15780175605624
STU4130,William Hill,77.24,86.43,99,80.4,84.16301578857617
STU7188,Heather Lynch,63.65,92.6,95,71.94,75.35281846151082
STU2232,Sonya Taylor,80.86,74.17,94,81.9,81.09329300669414
STU4615,Kathy Friedman,60.05,90.53,82,64.71,72.55039824629591
STU2344,Vanessa Schultz,76.29,78.57,76,79.88,75.50740977104873
STU3687,Dr. Terry Johnson,,,92,,82.33244409283752
STU3588,Brandon Sims,67.13,82.46,74,68.02,72.17664556465557
STU8443,Megan Moreno,66.23,85.33,87,68.8,75.86976716512798
STU2562,Clifford Harmon,70.48,77.84,100,75.51,77.29616688197254
STU8503,Kelsey Burke,73.28,77.32,75,78.51,74.4701192335494
STU5492,William Larson,72.58,86.58,82,84.72,78.21819078443345
STU3346,Kevin Campos,62.46,79.2,72,64.93,67.35941743678903
STU8260,Anthony Waters,72.34,92.16,100,76.14,79.34225602279749
STU3710,Kevin Wise,71.68,87.42,73,77.67,81.09575009056645
STU7922,Daniel Reese,76.77,86.65,79,75.32,78.12283417453071
STU4501,Dorothy Hale DDS,79.42,89.0,71,76.26,82.45267795453408
STU6636,Thomas Williams,73.5,78.0,93,69.95,72.3108216322316
STU9134,Gabriella Rosario,80.62,91.76,74,85.54,85.00528683716387
STU9474,Brandon Rosario,74.84,92.99,80,80.93,80.40793195058059
STU8399,April Phillips,66.36,85.77,96,75.31,79.0223799903008
STU1218,Heidi Olson,64.8,82.57,76,62.88,69.55059433371653
STU2823,Zachary Garcia,67.22,94.1,84,74.13,76.55730869456345
STU9252,Amanda Smith,71.18,83.0,70,78.46,77.68247034278657
STU5635,Dillon Montgomery,72.9,87.32,99,77.93,81.5905904888837
STU3559,Miguel Roberts,78.29,86.5,71,78.99,80.97805013321845
STU4912,Betty Torres,,,91,,69.82233748845515
STU7034,Cameron White,71.15,84.47,89,69.74,76.35058348095501
STU6370,Nicholas Murphy,74.41,80.98,93,74.51,76.34348027533225
STU4353,Jennifer Clark,76.06,93.04,94,84.33,83.90539751283552
STU4063,Shane Wilson,68.72,82.58,76,62.78,67.63861204800416
STU7978,David Fleming,,,98,,79.11246832338321
STU5545,Jason Duncan,68.76,77.26,75,75.16,68.24950780936281
STU4290,Jennifer Anderson,67.12,82.58,77,67.86,73.63991396284385
STU3070,Timothy Wright,60.52,79.98,73,66.09,66.49555574437645
STU6870,George Stevens,67.11,80.37,100,75.13,78.85809976482662
STU7372,Jennifer Gonzalez,69.47,78.91,79,66.7,71.37725009517962
STU7097,Christopher Perez,60.02,88.91,99,66.16,73.91442847250829
STU3233,Thomas Carter,69.71,85.95,92,73.1,75.1032644649729
STU5084,Luke Clark,82.17,83.39,85,83.45,83.18833777697304
STU9685,Christopher Griffith,62.45,87.95,84,72.05,73.336548043204
STU8759,Melissa Cole,,,87,,72.17169090084435
STU3243,Benjamin Bond,82.9,87.93,97,88.62,86.58543411401145
STU8747,Samantha Martinez,58.07,80.38,73,63.53,60.68297610944357
STU9960,Andrew Wilson,70.3,91.72,82,72.21,81.7927085970056
STU3793,Kara Gomez,61.37,88.3,76,65.91,70.14877849081239
STU8322,Jennifer Fitzgerald,65.31,82.99,93,67.49,70.70506348138095
STU8556,Jay Huffman,65.74,82.3,71,68.78,72.30200177863512
STU7807,Justin Atkins,80.93,95.18,99,82.76,84.23326013715507
STU8736,Michelle Ortega,66.27,90.98,96,76.67,76.07148893928434
STU9301,Jessica Leonard,57.03,89.18,89,59.04,68.72395171651314
STU2282,Patricia Walker,72.86,83.46,76,80.21,78.92258473061624
STU2294,Erin Turner,79.45,93.31,86,86.9,86.86006928292898
STU9200,Kelli Smith,69.01,79.08,84,68.97,70.65233292283165
STU7173,Kristin Kennedy,70.99,87.87,96,76.35,78.37066922662245
STU2958,Michele Bennett,54.33,74.4,94,63.76,68.64940648862408
STU6382,Glenda Fields,70.56,93.06,99,80.34,80.59606109749373
STU6416,Gregory Bell,65.8,79.45,77,71.09,69.24885361451138
STU4613,Jessica Smith,80.74,84.11,90,73.67,83.31544725106734
STU6541,Charlene Morrow,67.99,86.44,72,67.12,73.16173186253734
STU4680,Luke Mcgee,67.0,74.77,82,70.27,69.4111330082226
STU6040,Jimmy Stephens,64.3,82.27,70,61.65,68.46081599224617
STU8974,Amanda Yates,70.69,81.78,100,71.81,77.7486730157217
STU1571,Angela Young,74.8,94.24,92,77.67,82.67853809453403
STU6574,Amanda Shields,77.85,80.91,88,85.31,82.36445407113911
STU6200,Denise Long,,,86,,67.43776341634033
STU4119,Kari Chapman,70.84,82.99,96,80.88,81.27161433200816
STU2788,Jocelyn Wallace,76.08,82.72,92,78.98,85.08392155628658
STU4292,Ariel Vargas,74.74,83.77,73,79.43,80.09096459077396
STU5330,Jonathan Cunningham,62.38,78.6,77,68.87,68.44982487835601
STU7492,Melissa Malone,72.3,85.14,93,78.22,78.62925943958429
STU9130,Jeffrey King,72.27,79.26,93,72.46,71.81735775770058
STU3727,Lisa Mcgrath,71.85,88.63,77,77.5,78.03105251062763
STU7878,Travis Stone,73.96,88.5,85,75.74,81.55237149667211
STU9214,Erik Davis,67.24,87.88,84,74.7,75.17957090826108
STU4790,Andrea Morris,77.95,79.47,70,83.99,78.70083789385411
STU8025,Alicia Thompson,71.02,88.08,89,75.44,81.20186906493791
STU7604,Nicholas Warren,69.56,75.75,95,74.38,73.74074824422479
STU5196,Catherine Brown,78.06,94.11,95,85.01,85.60965346882199
STU1647,Christy Price,78.85,80.77,73,74.8,77.60670084092075
STU2094,Tracy Conway,70.47,90.38,72,78.18,73.20537151617029
STU8727,Ronald Barnes,75.7,81.42,95,73.68,82.89055176606279
STU7657,Darin Evans,80.61,88.01,97,86.95,86.58599386786898
STU6445,Marie Hayes,,,82,,75.40707441988785
STU9644,Meghan Liu,69.54,87.25,84,72.85,74.75131905316216
STU2656,Christopher Wright,62.46,86.11,79,70.81,70.82511851049115
STU1021,Ralph Waller,69.34,91.63,82,70.88,76.44462398163517
STU4158,Samantha Lowe,70.56,81.84,82,72.56,72.9598005645785
STU5162,Nicole Craig,78.64,84.68,83,78.47,79.69125701340546
STU1101,Frank Conner,80.46,87.18,82,73.81,78.8537091913775
STU9740,Claire Martinez,71.33,87.25,94,77.75,79.32620115025584
STU5081,Alicia Ruiz,62.35,80.89,96,68.21,71.57842892092205
STU9892,Timothy Myers,,,82,,80.79901063263573
STU8214,Anthony Hughes,80.85,85.35,84,79.27,81.96074682160523
STU9292,Melanie Leach,75.0,74.75,95,78.59,79.0625872716518
STU7322,Edward Moyer,59.07,91.9,80,64.19,70.58081178685322
STU3658,Rhonda Torres,71.46,93.21,83,71.17,75.44474485890136
STU6976,Jessica Koch,73.26,76.23,85,69.93,73.27861380399649
STU9037,Elizabeth Edwards,71.07,90.09,91,71.46,74.77468932090481
STU6140,Ian Craig,54.21,81.68,98,56.26,68.20531171452615
STU5839,James Harris,71.42,93.16,74,71.89,78.88731514666179
STU9964,Garrett Wu,76.64,84.32,92,79.55,83.23957571339712
STU3297,Sarah Lewis,68.38,90.82,73,71.09,77.43496531309115
STU5016,Jason Wright,59.03,82.93,95,57.21,67.05530205226462
STU2644,Gina Lee,57.27,88.8,96,69.3,72.11312083445382
STU4864,Jordan Maxwell,77.02,90.42,100,86.69,83.99784204176758
STU2195,Rita Smith,79.16,79.11,75,74.45,76.73675396959877
STU3808,Amanda Steele,80.42,77.66,82,86.9,84.43406108475449
STU4069,Nicole Rogers,64.89,86.81,78,67.61,73.4357386791003
STU5987,James James Jr.,75.97,84.97,94,77.36,79.38091130817389
STU9125,Tracy Wright,80.47,82.62,83,84.71,84.85865982933484
STU3959,Kelly Robinson,77.58,82.17,94,83.88,85.65642692970634
STU6850,John Curtis,66.62,81.94,80,65.17,68.72273274033843
STU8999,Jeffery Mitchell,63.19,80.18,94,65.59,70.29592409490542
STU8553,Mark King,70.58,82.4,87,75.14,77.52732681901924
STU7594,Michael Smith,62.31,80.94,79,58.91,69.50358761256236
STU5714,Dawn Boyer,70.29,87.22,96,84.27,83.73937631378158
STU1429,Brett Pittman,66.08,86.91,92,68.24,73.73494191127313
STU2119,Emily Barnes,78.47,83.65,86,76.94,77.59019133873392
STU9131,Troy Myers,67.4,83.92,95,71.37,73.0609403691434
STU6672,Kevin Wilson,75.89,83.15,99,75.2,76.96961111026997
STU7430,Austin Blackwell,75.89,86.85,98,71.47,77.39484446580867
STU5817,Ashlee Peterson,74.71,73.15,88,73.28,73.95903015083714
STU6243,Anthony Montgomery,73.69,83.69,98,75.29,77.29329966312054
STU5387,Daniel Williams,61.92,76.24,85,67.2,68.16418423870934
STU5784,Vincent Barrett,57.57,89.64,71,64.22,65.37758744208213
STU6590,Michelle Brown,73.66,83.37,89,73.22,76.25026733817877
STU3981,Holly Church,72.14,81.0,89,78.61,78.89119082045659
STU5929,Krista Ball,76.85,87.61,87,79.45,80.17921351002057
STU8242,Christopher Ramos,64.15,85.35,73,65.65,69.38866899227877
STU7512,Eric Garcia,74.24,90.58,94,86.91,84.14945826760778
STU8180,Teresa Smith,58.21,150.0,71,63.98,61.034485393658805
STU5816,Denise Aguilar,67.39,87.19,90,64.95,71.69430770670172
STU3865,Eddie Schmidt,73.89,97.15,81,79.58,79.79498185627347
STU8312,Roy Ramsey,74.1,83.02,81,75.13,76.36461055718001
STU2111,Steven Morse,74.79,84.72,70,80.78,79.78295587052564
STU9237,Jason Sandoval,71.99,80.06,89,71.87,75.94651902512913
STU8758,Louis Huffman,58.84,93.47,78,62.95,69.07480577879988
STU3519,John Leonard,68.7,83.39,89,78.32,76.84496029148966
STU6904,William Rowland,78.36,89.6,91,84.78,81.61056058329042
STU8691,Natalie Hayden,71.29,89.69,98,75.57,78.74452151616906
STU1785,Nicole Davis,78.51,85.84,93,83.21,82.59158897208677
STU5870,Collin Dean,,,73,,68.41158014623771
STU8716,Jennifer Rodriguez,72.62,90.51,75,71.12,74.48524781892839
STU9136,Savannah Maynard,78.31,92.18,83,77.91,81.2701499737659
STU7653,Rebecca Campbell,,,92,,78.28537383038694
STU3608,Kevin Kennedy,64.68,86.44,89,63.89,73.03129623786216
STU2887,Lori Fleming,74.45,83.36,90,73.23,80.07316143893081
STU3831,Margaret Farrell,78.19,85.67,96,86.05,84.67196731776508
STU3247,Emma Riggs,80.91,79.56,74,74.53,76.52708771760146
STU2472,Gary Smith,68.02,81.9,92,71.54,75.08257707971127
STU1148,Patrick Watkins,69.37,89.89,100,69.65,74.48277735372567
STU3122,Patrick White,81.73,80.27,75,87.55,84.37674116350658
STU1117,Jessica Bell,79.44,81.18,74,86.0,82.94378058539904
STU7217,Elizabeth Smith,77.25,89.1,73,78.48,79.28255172041221
STU4570,Alexandra Brooks,77.87,88.65,97,89.21,83.87981286870402
STU6202,Ronald Johnson,67.47,87.08,89,76.54,82.08855374454781
STU4657,Jonathan Fowler,63.13,79.71,82,63.26,68.54801799501485
STU2596,Logan Williams,78.26,96.39,83,80.25,82.72969642816996
STU3262,Matthew Pace,70.28,88.78,88,69.54,77.16446784707286
STU9240,Tiffany Foster,76.4,77.27,70,76.0,76.61537500487253
STU7074,Rebecca Brown,65.1,90.81,88,68.47,73.40249728837087
STU8748,Ricardo Schultz,75.36,90.05,94,79.08,82.16518950323446
STU6599,George Matthews,71.42,87.48,95,78.1,79.05550013878046
STU4467,Mr. Gary Berry,66.36,83.3,97,63.81,73.8072047754814
STU3322,Christopher Cox,69.01,91.7,70,66.38,72.77117497441175
STU5599,Christie Rodgers,,,98,,69.32314816916575
STU5707,Richard Mendoza,80.59,92.41,91,80.71,84.39321003561933
STU8685,Angela Hunt,72.8,85.66,78,72.33,74.19535964062946
STU5288,Patrick Roberts,63.02,85.32,96,65.22,70.82638020943581
STU7824,Christopher Smith,62.18,83.21,86,72.66,74.25048189699413
STU4275,Felicia Cohen,64.61,83.69,77,72.18,71.18896640442681
STU4253,Juan Arellano,64.29,85.39,96,65.2,72.57414261048747
STU3891,Elizabeth Sandoval,77.43,85.84,100,77.51,81.74305762928749
STU5867,Patricia Sharp,78.42,86.59,99,85.4,83.2481991856189
STU7754,Thomas Ramirez,68.38,88.42,95,73.83,76.76186783265841
STU6147,Whitney Woodard,73.05,72.34,100,77.79,79.8251787170211
STU8796,John Bullock,75.89,83.22,81,74.77,79.16243850638526
STU3909,Joyce Mitchell,68.78,79.65,89,71.0,73.22226107747201
STU2909,Robert Powell,81.33,83.69,95,80.5,82.72454597335094
STU3386,Tammy Frost,72.98,87.09,87,75.9,74.75666745526094
STU8074,Clinton Smith,69.6,88.67,92,67.66,78.46823632514966
STU2069,Amanda Rodriguez,70.36,87.88,97,73.84,77.66607527978132
STU5680,Tammy Hurst,67.14,84.91,91,71.88,73.50891456329835
STU2918,Sarah Ferguson,70.99,92.94,79,65.28,75.66531403502269
STU3596,Daniel Santiago,73.02,81.82,98,74.24,77.43324532457606
STU7612,Jamie Gregory,72.0,72.51,88,72.28,74.95074964201423
STU7352,Melissa Wells,69.19,78.04,88,78.73,79.97253073775363
STU1423,Rhonda Miller,71.1,90.12,82,76.52,78.93808235038513
STU2955,Steven Blair,70.4,89.62,81,71.43,77.30661330487212
STU4044,Kaylee Chavez,58.54,85.6,94,65.42,69.16992880118983
STU3751,Kim Allen,76.79,78.98,100,83.94,84.82374541867662
STU8223,Gary Bruce,67.88,71.98,77,73.02,75.07430818632162
STU2555,Lindsey Cole,73.7,85.28,76,69.52,73.65278719777542
STU9109,Scott Turner,74.35,90.2,92,76.39,78.49115182642
STU9242,Mr. James Cooley,67.74,92.24,84,76.53,76.08550279062351
STU6053,Joseph Cherry,70.32,85.26,81,82.11,78.14294337136523
STU8631,Aimee Petty,74.74,92.22,93,75.92,82.6300784191364
STU9555,Zachary Peterson,66.12,93.0,96,73.36,72.43829011608203
STU7101,Dawn Odom,66.15,95.39,75,71.97,69.93162010208407
STU1864,Wesley Brewer,63.24,93.15,83,61.29,74.28133913109122
STU7943,Virginia Galloway,68.29,79.99,75,75.6,71.5222708354685
STU2985,Rebecca Hansen,51.61,82.39,99,58.72,66.03401566360087
STU1597,James Jones,75.2,78.89,76,84.04,82.30250443781199
STU8438,Charles Gaines,74.75,80.94,77,74.86,72.91241746488735
STU9622,Rebecca Anderson,70.33,84.46,96,76.77,81.53424737760103
STU5359,Joshua Fisher,74.6,89.14,85,76.41,77.05553284663452
STU3131,Brandon Lucas,74.13,83.69,97,78.76,84.97165629541847
STU7098,Jim Ruiz DDS,57.12,84.84,75,60.59,64.44338335647322
STU9141,Elizabeth Miller,65.3,85.56,88,73.01,78.5622571268716
STU4975,David Hall,74.06,72.45,99,71.01,76.8635967816495
STU5524,Ashley Gates,62.61,84.92,71,66.58,71.10872420545961
STU4686,Mark Santos,67.92,91.56,85,67.87,72.61388248844312
STU3535,Patricia Cook,63.39,82.57,85,64.95,68.43492674869519
STU9378,Amy Orozco,73.66,75.83,75,71.25,73.66846534859991
STU3015,Krystal Francis,67.28,87.0,100,72.81,73.84352809607411
STU7265,Daniel Davis,,,89,,70.3859978533378
STU8176,Jaime Mills,76.99,83.45,82,77.71,81.03432017064863
STU7827,Robert Moss,83.32,88.77,71,79.3,83.12104182289696
STU4354,Mrs. Lisa Rhodes DVM,72.43,80.39,100,77.33,78.04082193776756
STU9628,Randall Mendoza,64.23,81.4,98,62.07,68.16952742441102
STU6276,Bobby Williams,84.08,85.68,97,87.77,87.36023407274624
STU5343,Derek Kent,77.03,81.5,92,78.29,79.5177427145748
STU5651,Heather Yoder,5.0,84.23,82,75.15,76.65331648980792
STU9039,Jason Martin,60.39,86.76,75,60.51,66.416546088328
STU3199,Zachary Davis,65.47,79.92,74,65.76,66.47830360748821
STU2142,Daniel Davis,64.17,81.81,85,69.87,72.666712297113
STU5341,Kristin Bush,65.6,90.26,72,67.35,72.52524867380535
STU5078,Theresa Peck,69.13,87.29,88,73.45,76.38280275537576
STU1970,Theresa Smith,75.61,82.02,87,81.35,78.86606614207463
STU2718,Gabriela Delgado,67.36,88.59,82,72.2,75.57700632352878
STU1482,Keith Wilson,73.06,83.8,87,76.12,78.4003040493823
STU4341,Chris Wallace,70.05,74.57,93,69.79,71.57993646227965
STU5262,Nathaniel Williams,67.25,84.13,80,69.7,73.44072549832326
STU1834,Andrea Roach,78.42,88.88,77,77.75,81.51962998117087
STU9652,David Owen,74.42,87.95,82,80.65,81.80813794744682
STU9235,Joseph Miller,62.0,89.1,96,62.5,73.0073705314779
STU5841,April Murray,69.57,84.79,92,74.69,75.98023172467855
STU7665,Rita Douglas,60.59,86.06,73,57.42,67.22342190270656
STU3121,Kimberly Martinez,80.17,84.43,85,83.22,84.25341519532833
STU9258,Jamie Jenkins,78.53,90.29,100,80.12,82.00164912807554
STU4267,Douglas Cuevas,72.2,79.94,91,75.14,77.03154650794184
STU1066,Earl Valencia,,,72,,70.64229619081556
STU4491,Kenneth Johnson,69.38,85.65,71,65.43,68.78274322958059
STU7549,Joshua Cook,71.97,74.34,91,72.06,74.29499837979792
STU3019,Ricardo Lloyd,68.46,80.07,83,71.94,72.33138089103981
STU6567,Joshua Little,59.13,93.73,90,70.64,72.46600912775484
STU7386,Christopher Becker,64.1,87.02,85,71.92,71.85467981098162
STU7520,Kimberly Lopez,55.87,85.73,75,64.2,65.73364047322573
STU2146,Lauren Crawford,77.8,75.27,78,71.93,74.44171032438797
STU5980,Jaime Gentry,73.35,88.4,92,80.04,82.3678372546691
STU7921,Lauren Allen,72.61,88.15,100,72.93,78.20753030178022
STU6059,Gregory Erickson,54.76,85.89,80,63.86,68.69860455116867
STU2356,Alan Edwards,75.39,80.9,97,77.68,78.548021943544
STU4694,David Woods,65.98,90.47,74,73.08,75.30252662013353
STU9588,Shannon Wilson,72.18,87.15,91,76.67,78.5833860135269
STU3938,Ashley Murphy,72.25,84.94,77,77.64,75.73163575854709
STU4957,Michael Hobbs PhD,68.32,89.58,87,73.47,75.11660900187034
STU9746,Sarah Mcgrath,60.05,82.41,88,59.73,67.52602446029594
STU7925,Bradley Martin,65.26,84.45,97,63.03,69.03270853958142
STU6777,Jaime Hobbs,55.47,84.57,71,58.11,65.69750686611145
STU3893,Phillip Velasquez,77.88,79.0,84,77.07,79.01057446668993
STU7233,Brian Saunders,63.76,86.6,81,74.61,73.51220679682028
STU1892,Kelly Butler,68.72,79.49,91,72.06,73.61913453803528
STU7694,Karen Rivera,,,76,,75.3586601303265
STU6654,Henry Clark,84.96,78.68,71,80.88,79.08279224889296
STU9371,Andrew Gomez,80.12,85.08,78,76.43,80.44956710359874
STU4252,Shirley Contreras,64.0,85.49,87,65.96,70.17787421103647
STU4112,Joanna Johnson,76.31,90.3,92,81.51,82.22915793127791
STU2372,Brandon Cox,72.82,82.25,70,83.01,78.31497133336903
STU1075,Jose Nelson,53.67,73.11,72,52.74,60.03954284687102
STU1712,Mary Pham,78.27,87.4,76,79.95,83.02532188109697
STU1436,Todd Miller,73.78,86.08,79,76.72,75.62187379236688
STU6941,Bryan Howard,66.9,90.91,86,73.05,75.61798462036477
STU9705,Kimberly Hays,75.49,94.61,81,84.39,84.6353347892713
STU2376,William Sandoval,77.64,82.69,86,78.46,77.00015740193919
STU8422,Michael Ruiz,53.91,82.41,87,58.76,66.21910795697278
STU9645,Brian Wells,62.23,90.74,79,63.4,72.72655907267017
STU8835,Brenda Kennedy,60.0,86.11,70,63.58,67.04296412210279
STU9030,Daniel Gilmore,67.4,81.36,86,71.35,71.52043165160666
STU8593,Teresa Austin,81.54,88.13,90,87.06,85.88133221670147
STU3352,Jonathan Nolan,80.82,97.07,87,79.35,86.31115629328274
STU5363,Brandi Ortiz,60.96,87.15,83,62.83,71.44139098076799
STU7537,Dr. Anthony White PhD,76.65,86.22,78,77.71,75.09096488799298
STU5992,Robert Wright,72.86,83.45,95,75.56,79.70984951843835
STU7349,Heather Stevens,72.08,84.49,87,73.08,77.32982797720348
STU3113,Bryan Wu,70.74,89.12,81,76.38,78.58217284724589
STU1653,Daniel Howard,64.4,75.46,92,70.09,73.98944892929653
STU8526,Brenda Moody,,,93,,78.45041316749142
STU8408,Vincent Marshall,69.13,82.15,85,77.39,72.58795652857263
STU2634,Erik Johnson,85.81,81.61,89,88.05,84.59977944426461
STU5165,Tara Franco,60.09,86.09,76,62.41,67.66436928347476
STU1374,Michael Jones,64.09,83.72,73,63.41,63.492440429499155
STU2645,Kevin Cannon,70.42,89.75,82,79.64,80.67755721619051
STU6818,Jennifer Cantu,70.96,95.45,85,78.66,80.8821269435813
STU9647,Michael Thompson,61.74,85.86,96,67.53,73.46366692082304
STU1500,Preston Gamble,75.48,87.21,83,69.97,78.38015290660245
STU1035,George Gutierrez,66.0,85.98,73,67.3,69.60655913170764
STU8378,Matthew Jones,72.65,91.15,88,77.01,76.72037524461791
STU3925,Zachary Page,60.53,86.94,90,66.51,70.56317106869028
STU8757,Eric Castro,67.7,86.8,72,72.1,71.81982595089111
STU6649,Wendy Martinez,85.29,87.85,98,87.44,84.15676159257546
STU6419,Jason Lee,74.77,87.51,75,77.71,80.1299942717685
STU2265,Craig Robinson,74.12,84.58,83,72.26,77.66018864325535
STU6312,Sara Dorsey,,,79,,73.8758817911375
STU7749,Michael Stewart,72.18,75.55,81,77.53,77.63176435348352
STU2091,Darren Martin,,,88,,78.17099983870956
STU1292,Heather Morgan,,,88,,70.12887872161534
STU1488,Janice Smith,66.19,77.58,95,71.18,68.92983540657706
STU3150,Keith Salazar,73.87,82.26,77,72.8,78.14862961903111
STU4444,Kathleen Meyer,78.16,85.11,87,81.51,78.20067707005387
STU2745,Joseph Robertson,73.86,84.03,93,70.73,75.10811930787843
STU3696,Shawn Carlson,75.36,87.56,98,70.53,77.73150830362536
STU7687,Alexandra Baldwin,81.5,86.8,93,87.91,83.55667014233704
STU8830,Anthony Davis,62.83,82.4,94,67.5,68.30244649457408
STU3552,Carl Brown,64.68,84.37,94,74.35,74.63466074233585
STU4689,Karen Owens,67.75,82.46,94,67.9,73.76575521392238
STU4363,Nicholas Abbott,69.45,82.1,90,71.1,74.09246606878985
STU4036,Jessica Miller,81.08,77.76,88,88.18,87.28200976510813
STU3810,Desiree Parsons,61.35,79.39,98,65.67,70.96147505558949
STU3616,Kristen Thompson,71.3,90.3,70,79.47,79.43508202980638
STU8171,William Farrell,76.04,77.92,74,72.35,73.62769669615165
STU6823,Erika Lee,64.77,82.34,81,71.64,72.2507539396469
STU2268,Mark Gutierrez,76.49,96.02,82,74.74,78.9450870876635
STU6316,Norman Dickerson,63.32,85.18,100,68.75,74.04615013923781
STU7232,Danny Collins,64.83,85.91,74,72.12,71.87118502537146
STU9284,Julie Gregory,68.08,84.55,99,70.81,78.27402288008241
STU6259,Robert Fletcher,72.3,89.2,79,70.76,77.68427602666671
STU1326,Stephanie Owen,76.13,82.67,93,79.23,80.80425849109817
STU3488,Laurie Padilla,,,85,,68.9288656977623
STU6499,Briana Chavez,74.65,80.06,98,77.16,78.45522001228123
STU4475,Rhonda Farmer,61.79,84.48,96,65.89,72.1196972395262
STU2018,Michael Cox,69.04,86.96,100,80.64,75.95671654973395
STU3002,Robert Hatfield,79.18,83.88,85,80.26,79.96433143142755
STU3499,Jeffrey Waters,81.93,78.86,97,82.41,83.31465507858731
STU6337,Julie Ferrell,71.17,87.09,83,73.31,74.49942650075803
STU1005,Belinda Santos,61.25,87.82,78,67.96,69.40784932789585
STU1191,Brandon Wright,69.07,85.36,88,69.63,73.13040040915847
STU2011,Kelsey Alvarado,69.07,83.14,92,77.62,76.18335553662025
STU5424,Robert Jackson,77.38,84.07,87,80.19,83.9946369813062
STU6122,Thomas Cain,61.0,89.37,83,72.27,69.75713272310396
STU7566,Karen Hicks,81.41,83.14,79,77.81,77.40630635291213
STU7109,Julia Hudson,64.46,86.7,96,70.32,72.84169735023836
STU2219,Cynthia Brown,,,91,,83.87478857757027
STU6069,Shannon Jimenez,59.25,87.69,86,69.05,73.58800625836604
STU7353,Ryan Mullins,69.22,83.06,77,71.99,69.81188572410099
STU6549,Daniel Oneal,69.25,90.75,95,79.33,80.39088004782091
STU2430,Michael Lewis,69.08,90.52,99,75.77,78.51448764622178
STU5770,Maria Cole,66.4,86.22,94,73.64,76.41474396431218
STU8557,Michele Cole,66.17,82.76,89,62.66,70.76615157715572
STU6133,Matthew Weaver,78.02,84.51,99,76.16,81.58360416195536
STU7118,Alan Frazier,82.81,85.56,88,77.43,81.67470532702507
STU4062,Dustin Tapia,,,71,,66.6120696898296
STU5812,Adam Hurley,69.5,81.78,79,67.79,74.27254840018817
STU1422,Alexandra Sherman,69.32,79.46,98,72.91,76.92006683232508
STU2580,John Reynolds,73.61,76.28,82,76.3,76.44974333153351
STU9725,Michael Phillips,78.99,72.87,95,80.24,76.46932995028297
STU2786,Keith Andrade,70.44,85.45,96,77.2,78.72847104660511
STU7556,Chad Miller,70.08,87.81,89,77.63,78.39393734611647
STU4968,Michael Gonzalez,68.6,76.46,84,66.99,69.21065509116316
STU6992,Troy Golden,70.77,81.87,78,79.37,75.95323144950278
STU8354,Ana Zuniga,66.09,84.09,89,67.86,72.08515320474201
STU2098,Travis Stanton,68.88,87.15,82,76.57,75.35631063077476
STU2860,Belinda Lyons,74.12,85.84,93,77.37,80.60808481950686
STU1696,Michael Garner,83.0,82.59,86,84.93,83.23849287649634
STU4046,Kimberly Sampson,69.47,84.26,93,73.9,80.19420657604637
STU9830,Kathryn Mcguire,79.01,81.95,72,78.35,78.30942210118496
STU1103,Adam Wilkins,80.09,85.34,82,78.45,82.155197718123
STU7644,Robert Crawford,70.18,77.28,84,71.08,72.62335518879976
STU2300,Jessica Patterson,70.38,78.28,85,72.92,75.25461388830819
STU7016,Katherine Coleman,77.4,85.99,91,80.48,82.70784352663269
STU9294,Kevin Robinson,63.15,83.52,96,72.46,73.1938397059321
STU5315,Amanda Armstrong,75.32,83.54,89,80.39,79.44932217574534
STU5698,Craig Carroll,67.64,83.25,100,76.19,75.18870176293207
STU3879,Anthony Norton,58.99,78.89,94,64.82,71.70087752647213
STU8958,William Griffin,70.85,92.58,81,78.68,80.90019015963333
STU2025,Andrew Lopez,64.55,86.02,92,69.42,72.7931070672252
STU1312,Michael Frank,81.25,80.51,75,79.99,82.4451657183061
STU3085,Richard Reid,,,79,,70.08441176259839
STU8946,Jesus Hartman,,,79,,73.7440950622425
STU7373,Raven Davis,67.03,78.17,79,69.36,70.7873084949755
STU8416,Sara Baker,68.43,90.11,73,66.51,70.76420620903617
STU3695,Jeffrey Wall,80.73,85.16,73,76.03,80.19526679859318
STU5868,Sara Flores,74.52,78.63,71,74.5,74.76875263909899
STU7362,Kimberly Flores,78.54,79.62,95,75.9,79.14022732197655
STU3711,Erica Allison,71.82,86.49,81,77.94,80.00949723691173
STU3298,Amber Campbell,77.59,93.02,93,71.59,78.26760617518622
STU2541,Rachel Best,82.7,76.0,72,72.7,76.15392119137181
STU3384,Brian Sullivan,76.59,85.96,93,86.26,84.26381692514673
STU7270,Christopher Hayden,66.93,84.74,82,62.35,70.22941888687296
STU5215,James Avila,70.12,78.28,94,73.02,73.87351054280516
STU8053,Peggy Martin,,,82,,69.75498500692764
STU7731,Kaitlin Palmer,71.59,83.38,71,73.73,76.22937755731809
STU2443,Regina Jones,66.28,84.65,77,76.62,76.60808962731794
STU4167,Nicholas Prince,82.03,72.54,76,80.47,81.21463032892636
STU1392,Albert Lewis,62.7,80.48,96,71.79,74.06122748880003
STU9793,Jennifer Dyer,53.4,95.21,96,61.31,70.48840883734803
STU2659,Miranda Greer,72.66,82.09,98,74.51,76.49448919987414
STU5168,Heather Stevens,74.03,84.25,71,74.56,76.91763492048314
STU1621,Robert Stuart,89.36,86.34,98,89.03,89.99042229265639
STU4826,Cindy Matthews,60.39,72.94,93,66.19,67.85917221244505
STU6168,Michael Noble,75.34,87.56,100,80.12,80.69368825640716
STU9403,Jennifer Smith,70.28,90.25,72,71.94,76.71821112864211
STU2925,Tony Morris,69.19,83.08,87,72.93,73.72926037889256
STU6288,Ashley Ford,71.88,86.22,71,76.33,76.10616418195863
STU2470,Taylor Osborne,,,91,,76.04544019115136
STU5870,Collin Dean,,,73,,68.41158014623771
STU7653,Rebecca Campbell,,,92,,78.28537383038694
STU6200,Denise Long,,,86,,67.43776341634033
STU6101,Michele Orr,,,99,,79.47908214101025
